<?xml version="1.0" encoding="UTF-8"?>
<project-private xmlns="http://www.netbeans.org/ns/project-private/1">
    <editor-bookmarks xmlns="http://www.netbeans.org/ns/editor-bookmarks/2" lastBookmarkId="0"/>
    <open-files xmlns="http://www.netbeans.org/ns/projectui-open-files/2">
        <group>
            <file>file:/Z:/NetBeans/IlanProjects/puzelBluck/src/GameV1/Controller.java</file>
            <file>file:/Z:/NetBeans/IlanProjects/puzelBluck/src/GameV1/View.java</file>
            <file>file:/Z:/NetBeans/IlanProjects/puzelBluck/src/GameV1/State.java</file>
            <file>file:/Z:/NetBeans/IlanProjects/puzelBluck/src/GameV1/MyPanel.java</file>
            <file>file:/Z:/NetBeans/IlanProjects/puzelBluck/src/GameV1/Model.java</file>
            <file>file:/Z:/NetBeans/IlanProjects/puzelBluck/src/GameV1/newHtml.html</file>
        </group>
    </open-files>
</project-private>
